ID Participant;ID website;"Requirement Completeness ""Based on the original instruction, which website better covers all the stated requirements?"" ";"Usefulness / Fitness for Purpose ""Which website would be more genuinely useful to a real user trying to accomplish the goal described in the instruction?""  ";"Visual Quality & Design ""Which website has better visual design, layout harmony, and overall aesthetic quality?""  ";"Navigability & Usability ""Which website is easier to navigate and use to accomplish the goal described in the instruction?""";" Implementation Depth ""Which website provides a more complete and thoughtful implementation, going beyond the minimum requirements?"" ";"Scalability of Implementation ""Which website appears better positioned to scale to a larger, more complex application without major rework?""";Comments on the website;Comments on the experiment
0;1;A is better;A is better;A is better;A is better;A is better;A is better;;
11;1;A is better;A is better;A is better;A is better;A is better;A is better;;
14;1;A is better;A is better;A is better;A is better;A is better;A is better;;
0;12;A is better;A is better;A is better;A is better;A is better;A is better;;
16;12;A is better;A is better;A is better;A is better;A is better;A is better;;
7;12;A is better;A is better;A is better;A is better;A is better;A is better;;
0;26;A is better;A is better;A is better;A is better;A is better;A is better;;
10;26;A is better;A is better;A is better;A is better;A is better;A is better;;
17;26;A is better;A is better;A is better;A is better;A is better;A is better;;
0;41;A is better;A is better;A is better;A is better;A is better;A is better;;
7;41;A is better;A is better;A is better;A is better;A is better;A is better;;
19;41;A is better;A is better;A is better;A is better;A is better;A is better;;
14;52;A is better;A is better;A is better;A is better;A is better;A is better;;
10;52;A is better;A is better;A is better;A is better;A is better;A is better;;
0;52;A is better;A is better;A is better;A is better;A is better;A is better;;
0;64;A is better;A is better;A is better;A is better;A is better;A is better;;
13;64;A is better;A is better;A is better;A is better;A is better;A is better;;
15;64;A is better;A is better;A is better;A is better;A is better;A is better;;
0;78;A is better;A is better;A is better;A is better;A is better;A is better;;
10;78;A is better;A is better;A is better;A is better;A is better;A is better;;
17;78;A is better;A is better;A is better;A is better;A is better;A is better;;
0;91;A is better;A is better;A is better;A is better;A is better;A is better;;
13;91;A is better;A is better;A is better;A is better;A is better;A is better;;
19;91;A is better;A is better;A is better;A is better;A is better;A is better;;
9;5;A is better;A is better;A is better;A is better;A is better;A is better;;
14;5;A is better;A is better;A is better;A is better;A is better;A is better;;
0;5;A is better;A is better;A is better;A is better;A is better;A is better;;
13;14;A is better;A is better;A is better;B is better;A is better;A is better;;
15;14;A is better;A is better;A is better;B is better;A is better;A is better;;
0;14;A is better;A is better;A is better;A is better;A is better;A is better;;
1;28;A is better;A is better;A is better;A is better;A is better;A is better;;
9;28;A is better;A is better;A is better;A is better;A is better;A is better;;
17;28;A is better;A is better;A is better;A is better;A is better;A is better;;
1;43;A is better;A is better;A is better;A is better;A is better;A is better;;
12;43;A is better;A is better;A is better;A is better;A is better;A is better;;
19;43;A is better;A is better;A is better;A is better;A is better;A is better;;
1;56;A is better;A is better;A is better;A is better;A is better;A is better;;
8;56;A is better;A is better;A is better;A is better;A is better;A is better;;
20;56;A is better;A is better;A is better;A is better;A is better;A is better;;
15;68;A is better;A is better;A is better;A is better;A is better;A is better;;
12;68;A is better;A is better;A is better;B is better;A is better;A is better;;
1;68;A is better;A is better;A is better;B is better;A is better;A is better;;
1;96;A is better;A is better;A is better;A is better;A is better;A is better;;
11;96;A is better;A is better;A is better;A is better;A is better;A is better;;
18;96;A is better;A is better;A is better;A is better;A is better;A is better;;
1;7;A is better;A is better;A is better;A is better;A is better;A is better;;
8;7;A is better;A is better;A is better;A is better;A is better;A is better;;
20;7;A is better;A is better;A is better;A is better;A is better;A is better;;
1;16;A is better;A is better;A is better;A is better;A is better;A is better;;
11;16;A is better;A is better;A is better;A is better;A is better;A is better;;
15;16;A is better;A is better;A is better;A is better;A is better;A is better;;
1;31;A is better;A is better;A is better;A is better;A is better;A is better;;
7;31;A is better;A is better;A is better;A is better;A is better;A is better;;
17;31;A is better;A is better;A is better;A is better;A is better;A is better;;
1;45;A is better;A is better;A is better;A is better;A is better;A is better;;
11;45;A is better;A is better;A is better;A is better;A is better;A is better;;
18;45;A is better;A is better;A is better;A is better;A is better;A is better;;
2;58;A is better;A is better;A is better;A is better;A is better;A is better;;
7;58;A is better;A is better;A is better;A is better;A is better;A is better;;
20;58;A is better;A is better;A is better;A is better;A is better;A is better;;
2;71;A is better;A is better;A is better;A is better;A is better;A is better;;
10;71;A is better;A is better;A is better;A is better;A is better;A is better;;
15;71;A is better;A is better;A is better;A is better;A is better;A is better;;
2;83;B is better;A is better;A is better;B is better;A is better;A is better;;
13;83;B is better;A is better;A is better;B is better;A is better;A is better;;
16;83;A is better;A is better;A is better;A is better;A is better;A is better;;
2;9;B is better;B is better;B is better;B is better;B is better;B is better;;
13;9;B is better;B is better;B is better;B is better;B is better;B is better;;
20;9;B is better;B is better;B is better;B is better;B is better;B is better;;
2;21;A is better;A is better;A is better;A is better;A is better;A is better;;
9;21;A is better;A is better;A is better;A is better;A is better;A is better;;
14;21;A is better;A is better;A is better;A is better;A is better;A is better;;
2;35;A is better;A is better;A is better;A is better;A is better;A is better;;
13;35;A is better;A is better;A is better;A is better;A is better;A is better;;
16;35;A is better;A is better;A is better;A is better;A is better;A is better;;
2;48;A is better;A is better;A is better;A is better;A is better;A is better;;
9;48;A is better;A is better;A is better;A is better;A is better;A is better;;
18;48;A is better;A is better;A is better;A is better;A is better;A is better;;
2;61;A is better;A is better;A is better;A is better;A is better;A is better;;
12;61;A is better;A is better;A is better;A is better;A is better;A is better;;
20;61;A is better;A is better;A is better;A is better;A is better;A is better;;
2;75;A is better;A is better;A is better;A is better;A is better;A is better;;
9;75;A is better;A is better;A is better;A is better;A is better;A is better;;
14;75;A is better;A is better;A is better;A is better;A is better;A is better;;
3;87;A is better;A is better;A is better;A is better;A is better;A is better;;
12;87;A is better;A is better;A is better;A is better;A is better;A is better;;
16;87;A is better;A is better;A is better;A is better;A is better;A is better;;
3;11;A is better;A is better;A is better;A is better;A is better;A is better;;
11;11;A is better;A is better;A is better;A is better;A is better;A is better;;
19;11;A is better;A is better;A is better;A is better;A is better;A is better;;
3;24;B is better;B is better;B is better;B is better;A is better;A is better;;
8;24;B is better;B is better;A is better;B is better;A is better;A is better;;
14;24;B is better;B is better;B is better;B is better;A is better;A is better;;
3;39;A is better;A is better;A is better;A is better;A is better;A is better;;
11;39;A is better;A is better;A is better;A is better;A is better;A is better;;
16;39;A is better;A is better;A is better;A is better;A is better;A is better;;
3;50;A is better;A is better;A is better;A is better;A is better;A is better;;
7;50;A is better;A is better;A is better;A is better;A is better;A is better;;
17;50;A is better;A is better;A is better;A is better;A is better;A is better;;
3;63;A is better;A is better;A is better;A is better;A is better;A is better;;
11;63;A is better;A is better;A is better;A is better;A is better;A is better;;
19;63;A is better;A is better;A is better;A is better;A is better;A is better;;
3;77;A is better;A is better;A is better;A is better;A is better;A is better;;
7;77;A is better;A is better;A is better;A is better;A is better;A is better;;
14;77;A is better;A is better;A is better;A is better;A is better;A is better;;
3;89;A is better;A is better;A is better;A is better;A is better;A is better;;
10;89;A is better;A is better;A is better;A is better;A is better;A is better;;
16;89;A is better;A is better;A is better;A is better;A is better;A is better;;
3;4;A is better;A is better;A is better;A is better;A is better;A is better;;
7;4;A is better;A is better;A is better;A is better;A is better;A is better;;
17;4;A is better;A is better;A is better;A is better;A is better;A is better;;
4;13;A is better;A is better;A is better;A is better;A is better;A is better;;
10;13;A is better;A is better;A is better;A is better;A is better;A is better;;
19;13;A is better;A is better;A is better;A is better;A is better;A is better;;
4;27;A is better;A is better;A is better;A is better;A is better;A is better;;
13;27;A is better;A is better;A is better;A is better;A is better;A is better;;
14;27;A is better;A is better;A is better;A is better;A is better;A is better;;
4;42;A is better;A is better;A is better;A is better;A is better;A is better;;
9;42;A is better;A is better;A is better;A is better;A is better;A is better;;
15;42;A is better;A is better;A is better;A is better;A is better;A is better;;
4;54;A is better;A is better;A is better;A is better;A is better;A is better;;
13;54;A is better;A is better;A is better;A is better;A is better;A is better;;
17;54;A is better;A is better;A is better;A is better;A is better;A is better;;
4;67;A is better;A is better;A is better;A is better;A is better;A is better;;
9;67;A is better;A is better;A is better;A is better;A is better;A is better;;
19;67;A is better;A is better;A is better;A is better;A is better;A is better;;
4;79;A is better;A is better;A is better;A is better;A is better;A is better;;
12;79;A is better;A is better;A is better;A is better;A is better;A is better;;
20;79;A is better;A is better;A is better;A is better;A is better;A is better;;
9;94;A is better;A is better;A is better;A is better;A is better;A is better;;
15;94;A is better;A is better;A is better;A is better;A is better;A is better;;
4;94;A is better;A is better;A is better;A is better;A is better;A is better;;
4;6;A is better;A is better;A is better;A is better;A is better;A is better;;
12;6;A is better;A is better;A is better;A is better;A is better;A is better;;
17;6;A is better;A is better;A is better;A is better;A is better;A is better;;
4;15;A is better;A is better;A is better;A is better;A is better;A is better;;
8;15;A is better;A is better;A is better;A is better;A is better;A is better;;
19;15;A is better;A is better;A is better;A is better;A is better;A is better;;
4;29;A is better;A is better;A is better;A is better;A is better;A is better;;
12;29;A is better;A is better;A is better;A is better;A is better;A is better;;
20;29;A is better;A is better;A is better;A is better;A is better;A is better;;
5;44;A is better;A is better;A is better;A is better;A is better;A is better;;
8;44;A is better;A is better;A is better;A is better;A is better;A is better;;
15;44;A is better;A is better;A is better;A is better;A is better;A is better;;
5;57;A is better;A is better;A is better;A is better;A is better;A is better;;
11;57;A is better;A is better;A is better;A is better;A is better;A is better;;
17;57;A is better;A is better;A is better;A is better;A is better;A is better;;
5;69;A is better;A is better;A is better;A is better;A is better;A is better;;
7;69;A is better;A is better;A is better;A is better;A is better;A is better;;
18;69;A is better;A is better;A is better;A is better;A is better;A is better;;
5;82;A is better;A is better;A is better;A is better;A is better;A is better;;
11;82;A is better;A is better;A is better;A is better;A is better;A is better;;
20;82;A is better;A is better;A is better;A is better;A is better;A is better;;
5;97;A is better;A is better;A is better;A is better;A is better;A is better;;
7;97;A is better;A is better;A is better;A is better;A is better;A is better;;
15;97;A is better;A is better;A is better;A is better;A is better;A is better;;
5;8;A is better;A is better;A is better;A is better;A is better;A is better;;
10;8;A is better;A is better;A is better;A is better;A is better;A is better;;
16;8;A is better;A is better;A is better;A is better;A is better;A is better;;
5;18;A is better;A is better;A is better;A is better;A is better;A is better;;
7;18;A is better;A is better;A is better;A is better;A is better;A is better;;
18;18;A is better;A is better;A is better;A is better;A is better;A is better;;
5;47;A is better;A is better;A is better;A is better;A is better;A is better;;
13;47;A is better;A is better;A is better;A is better;A is better;A is better;;
15;47;A is better;A is better;A is better;A is better;A is better;A is better;;
5;60;A is better;A is better;A is better;A is better;A is better;A is better;;
10;60;A is better;A is better;A is better;A is better;A is better;A is better;;
16;60;A is better;A is better;A is better;A is better;A is better;A is better;;
6;73;B is better;A is better;A is better;A is better;A is better;A is better;;
13;73;B is better;A is better;A is better;A is better;A is better;A is better;;
18;73;B is better;A is better;A is better;A is better;A is better;A is better;;
6;86;A is better;A is better;A is better;A is better;A is better;A is better;;
9;86;A is better;A is better;A is better;A is better;A is better;A is better;;
20;86;A is better;A is better;A is better;A is better;A is better;A is better;;
6;100;A is better;A is better;A is better;A is better;A is better;A is better;;
12;100;A is better;A is better;A is better;A is better;A is better;A is better;;
14;100;A is better;A is better;A is better;A is better;A is better;A is better;;
6;10;A is better;A is better;A is better;A is better;A is better;A is better;;
9;10;A is better;A is better;A is better;A is better;A is better;A is better;;
16;10;A is better;A is better;A is better;A is better;A is better;A is better;;
6;22;A is better;A is better;A is better;A is better;A is better;A is better;;
12;22;A is better;A is better;A is better;A is better;A is better;A is better;;
18;22;A is better;A is better;A is better;A is better;A is better;A is better;;
6;36;A is better;A is better;A is better;A is better;A is better;A is better;;
8;36;A is better;A is better;A is better;A is better;A is better;A is better;;
19;36;A is better;A is better;A is better;A is better;A is better;A is better;;
6;49;A is better;A is better;A is better;A is better;A is better;A is better;;
12;49;A is better;A is better;A is better;A is better;A is better;A is better;;
14;49;A is better;A is better;A is better;A is better;A is better;A is better;;
16;62;A is better;A is better;A is better;A is better;A is better;A is better;;
8;62;A is better;A is better;A is better;A is better;A is better;A is better;;
6;62;A is better;A is better;A is better;A is better;A is better;A is better;;
6;76;A is better;A is better;A is better;A is better;A is better;A is better;;
11;76;A is better;A is better;A is better;A is better;A is better;A is better;;
18;76;A is better;A is better;A is better;A is better;A is better;A is better;;
6;88;A is better;A is better;A is better;A is better;A is better;A is better;;
8;88;A is better;A is better;A is better;A is better;A is better;A is better;;
19;88;A is better;A is better;A is better;A is better;A is better;A is better;;